University,Module Code,Module Level,Module Title,mod_dept,mod_desc,mod_proj,mod_exam,mod_prereq,mod_preclu,mod_link,mod_category,All Module Details
NUS,CS1010,1,Programming Methodology,CS,"This module introduces the fundamental concepts of problem solving by computing and programming using an imperative programming language. It is the first and foremost introductory course to computing. Topics covered include computational thinking and computational problem solving, designing and specifying an algorithm, basic problem formulation and problem solving approaches, program development, coding, testing and debugging, fundamental programming constructs (variables, types, expressions, assignments, functions, control structures, etc.), fundamental data structures (arrays, strings, composite data types), basic sorting, and recursion.",0,1,NIL,CS1010E/CS1010J/CS1010S/CS1010X/CS1101S,https://nusmods.com/modules/CS1010/programming-methodology,Computer Science,"This module introduces the fundamental concepts of problem solving by computing and programming using an imperative programming language. It is the first and foremost introductory course to computing. Topics covered include computational thinking and computational problem solving, designing and specifying an algorithm, basic problem formulation and problem solving approaches, program development, coding, testing and debugging, fundamental programming constructs (variables, types, expressions, assignments, functions, control structures, etc.), fundamental data structures (arrays, strings, composite data types), basic sorting, and recursion."
NUS,DSA1101,1,Introduction to Data Science,DSA,"The abundance of data being harvested from various sectors of today’s society increases the demand for skilled data science practitioners. This module introduces foundational data science concepts to prepare students for tackling real-world data analytic challenges. Major topics include basic concepts in probability and statistics, data manipulation, supervised and unsupervised learning, model validation and big data analysis, alongside special topics discussed in guest lectures delivered by practicing data scientists from government and industry. Throughout the course, students will learn fundamental R programming skills to implement and apply the data science methods in motivating realworld case studies from diverse fields.",1,1,NIL,DSE1101/YSC2239,https://nusmods.com/modules/DSA1101/introduction-to-data-science,Data Science,"The abundance of data being harvested from various sectors of today’s society increases the demand for skilled data science practitioners. This module introduces foundational data science concepts to prepare students for tackling real-world data analytic challenges. Major topics include basic concepts in probability and statistics, data manipulation, supervised and unsupervised learning, model validation and big data analysis, alongside special topics discussed in guest lectures delivered by practicing data scientists from government and industry. Throughout the course, students will learn fundamental R programming skills to implement and apply the data science methods in motivating realworld case studies from diverse fields."
NUS,MA1101R,2,Linear Algebra I,MA,"This module is a first course in linear algebra. Fundamental concepts of linear algebra will be introduced and investigated in the context of the Euclidean spaces R^n. Proofs of results will be presented in the concrete setting. Students are expected to acquire computational facilities and geometric intuition with regard to vectors and matrices. Some applications will be presented. Major topics Systems of linear equations, matrices, determinants, Euclidean spaces, linear combinations and linear span, subspaces, linear independence, bases and dimension, rank of a matrix, inner products, eigenvalues and eigenvectors, diagonalization, linear transformations between Euclidean spaces, applications.",0,1,NIL,EG1401/EG1402/MA1101R/MA1506/MA1508/MA1508E/MA1513/YSC2232,https://nusmods.com/modules/MA2001/linear-algebra-i,Mathematics,"This module is a first course in linear algebra. Fundamental concepts of linear algebra will be introduced and investigated in the context of the Euclidean spaces R^n. Proofs of results will be presented in the concrete setting. Students are expected to acquire computational facilities and geometric intuition with regard to vectors and matrices. Some applications will be presented. Major topics Systems of linear equations, matrices, determinants, Euclidean spaces, linear combinations and linear span, subspaces, linear independence, bases and dimension, rank of a matrix, inner products, eigenvalues and eigenvectors, diagonalization, linear transformations between Euclidean spaces, applications."
NUS,MA11012R,2,Calculus,MA,"This is a course in single-variable calculus. We will introduce precise definitions of limit, continuity, derivative, and the Riemann integral. Students will be exposed to computational techniques and applications of differentiation and integration. This course concludes with an introduction to first order differential equations. Major topics Functions; limit and continuity; derivative; Intermediate Value Theorem; chain rule; implicit differentiation; higher derivatives; Mean Value Theorem; Riemann integral; Fundamental Theorem of Calculus; elementary transcendental functions and their inverses; techniques of integration; computation of area, volume and arc length using definite integrals; first order differential equations.",0,1,NIL,CE1402/EE1401/EE1461/EG1401/EG1402/MA1102R/MA1312/MA1505C/MA1507/YSC1216,https://nusmods.com/modules/MA2002/calculus,Mathematics,"This is a course in single-variable calculus. We will introduce precise definitions of limit, continuity, derivative, and the Riemann integral. Students will be exposed to computational techniques and applications of differentiation and integration. This course concludes with an introduction to first order differential equations. Major topics Functions; limit and continuity; derivative; Intermediate Value Theorem; chain rule; implicit differentiation; higher derivatives; Mean Value Theorem; Riemann integral; Fundamental Theorem of Calculus; elementary transcendental functions and their inverses; techniques of integration; computation of area, volume and arc length using definite integrals; first order differential equations."
NUS,CS2040,2,Data Structures and Algorithms,CS,"This module introduces students to the design and implementation of fundamental data structures and algorithms. The module covers basic data structures (linked lists, stacks, queues, hash tables, binary heaps, trees, and graphs), searching and sorting algorithms, and basic analysis of algorithms.",1,1,CS1010,CS1020/CS1020E/CS2010/CS2020/CS2040C/CS2040S,https://nusmods.com/modules/CS2040/data-structures-and-algorithms,Computer Science,"This module introduces students to the design and implementation of fundamental data structures and algorithms. The module covers basic data structures (linked lists, stacks, queues, hash tables, binary heaps, trees, and graphs), searching and sorting algorithms, and basic analysis of algorithms."
NUS,DSA2101,2,Essential Data Analytics Tools: Data Visualisation,DSA,"Data visualisation is an essential tool for data analytics. This module is an introduction to data cleaning, exploration, analysis and visualisation. Students will learn how to take raw data, extract meaningful information, use statistical tools, and make visualisations. Topics include: programming in R, introduction to data storage systems, data manipulation, exploratory data analysis, dimension reduction, statistical graphics for univariate, multivariate (high-dimensional), temporal and spatial data, basic design principles and critical evaluation of visual displays of data.",1,1,"DSA1101, GER1000, MA1101R, ST2131",,https://nusmods.com/modules/DSA2101/essential-data-analytics-tools-data-visualisation,Data Analytics,"Data visualisation is an essential tool for data analytics. This module is an introduction to data cleaning, exploration, analysis and visualisation. Students will learn how to take raw data, extract meaningful information, use statistical tools, and make visualisations. Topics include: programming in R, introduction to data storage systems, data manipulation, exploratory data analysis, dimension reduction, statistical graphics for univariate, multivariate (high-dimensional), temporal and spatial data, basic design principles and critical evaluation of visual displays of data."
NUS,DSA2102,2,Essential Data Analytics Tools: Numerical Computation,DSA,"This module aims at introducing basic concepts and wellestablished numerical methods that are very related to the computing foundation of data science and analytics. The emphasis is on the tight integration of numerical algorithms, implementation in industrial programming language, and examination on practical examples drawn from various disciplines related to data science. Major topics include: computer arithmetic, matrix multiplication, numerical methods for solving linear systems, least squares method, interpolation, concrete implementations in industrial program language, and sample applications related to data science.",1,1,"MA1101R, MA1102R",MA2213,https://nusmods.com/modules/DSA2102/essential-data-analytics-tools-numerical-computation,Mathematics,"This module aims at introducing basic concepts and wellestablished numerical methods that are very related to the computing foundation of data science and analytics. The emphasis is on the tight integration of numerical algorithms, implementation in industrial programming language, and examination on practical examples drawn from various disciplines related to data science. Major topics include: computer arithmetic, matrix multiplication, numerical methods for solving linear systems, least squares method, interpolation, concrete implementations in industrial program language, and sample applications related to data science."
NUS,MA2311,2,Techniques in Advanced Calculus,MA,"This module applies advanced calculus to practical mathematical problems, and is for students with advanced calculus background and with interest in the applications of calculus. Major topics Sequences, series, power series. Vector algebra in R2 and R3. Scalar- and vector-valued functions of several variables. Partial derivatives, total differentials. Mean value Theorem. Taylor's formula. Jacobian. Chain rule. Lagrange multiplier. Multiple integrals.",0,1,MA1102R,MA1104/MA1505/MA1507/MA1511/MA2104/MA2108/MA2108S,https://nusmods.com/modules/MA2311/techniques-in-advanced-calculus,Mathematics,"This module applies advanced calculus to practical mathematical problems, and is for students with advanced calculus background and with interest in the applications of calculus. Major topics Sequences, series, power series. Vector algebra in R2 and R3. Scalar- and vector-valued functions of several variables. Partial derivatives, total differentials. Mean value Theorem. Taylor's formula. Jacobian. Chain rule. Lagrange multiplier. Multiple integrals."
NUS,ST2131,2,Probability,ST,"This module gives an elementary introduction to probability theory for students with knowledge of elementary calculus. It will cover not only the mathematics of probability theory but will work through diverse examples to illustrate the wide scope of applicability of probability, such as in engineering and computing, social and management sciences. Topics covered are counting methods, sample space and events, axioms of probability, conditional probability, independence, random variables, discrete and continuous distributions, joint and marginal distributions, conditional distribution, independence of random variables, expectation, conditional expectation, moment generating function, central limit theorem, and weak law of large numbers.",0,1,MA1102R,CE2407/MA2216/ST2334/YSC2243/MA2116,https://nusmods.com/modules/ST2131/probability,Statistics,"This module gives an elementary introduction to probability theory for students with knowledge of elementary calculus. It will cover not only the mathematics of probability theory but will work through diverse examples to illustrate the wide scope of applicability of probability, such as in engineering and computing, social and management sciences. Topics covered are counting methods, sample space and events, axioms of probability, conditional probability, independence, random variables, discrete and continuous distributions, joint and marginal distributions, conditional distribution, independence of random variables, expectation, conditional expectation, moment generating function, central limit theorem, and weak law of large numbers."
NUS,ST2132,2,Mathematical Statistics,ST,"This module introduces students to the theoretical underpinnings of statistical methodology and concentrates on inferential procedures within the framework of parametric models. Topic include: random sample and statistics, method of moments, maximum likelihood estimate, Fisher information, sufficiency and completeness, consistency and unbiasedness, sampling distributions, x2-, t- and Fdistributions, confidence intervals, exact and asymptotic pivotal method, concepts of hypothesis testing, likelihood ratio test, Neyman-Pearson lemma. This module is targeted at students who are interested in Statistic and are able to meet the prerequisite.",1,1,ST2131,,https://nusmods.com/modules/ST2132/mathematical-statistics,Statistics,"This module introduces students to the theoretical underpinnings of statistical methodology and concentrates on inferential procedures within the framework of parametric models. Topic include: random sample and statistics, method of moments, maximum likelihood estimate, Fisher information, sufficiency and completeness, consistency and unbiasedness, sampling distributions, x2-, t- and Fdistributions, confidence intervals, exact and asymptotic pivotal method, concepts of hypothesis testing, likelihood ratio test, Neyman-Pearson lemma. This module is targeted at students who are interested in Statistic and are able to meet the prerequisite."
NUS,CS3244,3,Machine Learning,CS,"This module introduces basic concepts and algorithms in machine learning and neural networks. The main reason for studying computational learning is to make better use of powerful computers to learn knowledge (or regularities) from the raw data. The ultimate objective is to build self-learning systems to relieve human from some of already-too-many programming tasks. At the end of the course, students are expected to be familiar with the theories and paradigms of computational learning, and capable of implementing basic learning systems.",1,1,"CS2040, ST2131, MA1101R, MA1102R",BT4240/CS2109S/CS3264/DMX1401AI,https://nusmods.com/modules/CS3244/machine-learning,Data Science,"This module introduces basic concepts and algorithms in machine learning and neural networks. The main reason for studying computational learning is to make better use of powerful computers to learn knowledge (or regularities) from the raw data. The ultimate objective is to build self-learning systems to relieve human from some of already-too-many programming tasks. At the end of the course, students are expected to be familiar with the theories and paradigms of computational learning, and capable of implementing basic learning systems."
NUS,DSA3101,3,Data Science in Practice,DSA,"This module is designed to be a continuation of DSA1101 Introduction to Data Science. It focuses on data science methodology and the ability to apply such methodology to practical applications. Real-world problems will be provided by both industrial and academic partners in domains such as transportation, consulting, finance, pharmaceutics, life sciences and physics.",1,0,"DSA2101, ST2132",,https://nusmods.com/modules/DSA3101/data-science-in-practice,Data Science,"This module is designed to be a continuation of DSA1101 Introduction to Data Science. It focuses on data science methodology and the ability to apply such methodology to practical applications. Real-world problems will be provided by both industrial and academic partners in domains such as transportation, consulting, finance, pharmaceutics, life sciences and physics."
NUS,DSA3102,3,Essential Data Analytics Tools: Convex Optimisation,DSA,Convex optimisation is an indispensable technique in dealing with high-dimensional structured problems in data science. The module covers modelling examples; basic concepts for convex functions and sub-gradients; gradient and sub-gradient methods; accelerated proximal gradient methods; stochastic block coordinate descent methods; Lagrangian duals; splitting algorithms and implementations.,1,1,"CS1010, MA1101R, MA2311",MA3236,https://nusmods.com/modules/DSA3102/essential-data-analytics-tools-convex-optimisation,Mathematics,Convex optimisation is an indispensable technique in dealing with high-dimensional structured problems in data science. The module covers modelling examples; basic concepts for convex functions and sub-gradients; gradient and sub-gradient methods; accelerated proximal gradient methods; stochastic block coordinate descent methods; Lagrangian duals; splitting algorithms and implementations.
NUS,ST3131,3,Regression Analysis,ST,"This module focuses on data analysis using multiple regression models. Topics include simple linear regression, multiple regression, model building and regression diagnostics. One and two factor analysis of variance, analysis of covariance, linear model as special case of generalized linear model. This module is targeted at students who are interested in Statistics and are able to meet the pre-requisites.",1,1,ST2131,EC3303/ST2335,https://nusmods.com/modules/ST3131/regression-analysis,Statistics,"This module focuses on data analysis using multiple regression models. Topics include simple linear regression, multiple regression, model building and regression diagnostics. One and two factor analysis of variance, analysis of covariance, linear model as special case of generalized linear model. This module is targeted at students who are interested in Statistics and are able to meet the pre-requisites."
NUS,DSA4199,4,Honours Project in Data Science and Analytics,DSA,"The objectives of the module are to develop skills for independent data-driven research and to promote the application of novel problem-solving strategies in data science. On completion of the module, students should be able to demonstrate an appreciation of the current state of knowledge in a particular field of research, to master the techniques required for the study of a research question, and to communicate research findings clearly and concisely in written and spoken English.",1,0,"CS1010, DSA1101, MA1101R, CS2040, DSA2101, DSA2102, MA2311, ST2131, ST2132, CS3244, DSA3101, DSA3102, ST3131",DSA4299/DSA4299C,https://nusmods.com/modules/DSA4199/honours-project-in-data-science-and-analytics,"Data Science, Data Analytics","The objectives of the module are to develop skills for independent data-driven research and to promote the application of novel problem-solving strategies in data science. On completion of the module, students should be able to demonstrate an appreciation of the current state of knowledge in a particular field of research, to master the techniques required for the study of a research question, and to communicate research findings clearly and concisely in written and spoken English."
NUS,DSA4299,4,Applied Project in Data Science and Analytics,DSA,"For Bachelor of Science (Honours) students to participate full-time in a six-month-long project in an applied context that culminates in a project presentation and report.
",1,0,"CS1010, DSA1101, MA1101R, CS2040, DSA2101, DSA2102, MA2311, ST2131, ST2132, CS3244, DSA3101, DSA3102, ST3131",DSA4199/DSA4299C,https://nusmods.com/modules/DSA4299/applied-project-in-data-science-and-analytics,"Data Science, Data Analytics","For Bachelor of Science (Honours) students to participate full-time in a six-month-long project in an applied context that culminates in a project presentation and report.
"
NUS,DSA4211,4,High-Dimensional Statistical Analysis,DSA,"Dimensionality is an issue that can arise in many scientific fields such as medicine, genetics, business and finance, among others. The statistical properties of estimation and inference procedures must be carefully established when the number of variables is much larger than the number of observations. This module will discuss several statistical methodologies useful for exploring voluminous data. They include principal component analysis, clustering and classification, tree-structured analysis, neural network, hidden Markov models, sliced inverse regression, multiple testing, sure independent screening (SIS) and penalized estimation for variable selection. Real data will be used for illustration of these methods. Some fundamental theory for high-dimensional learning will be covered.",1,1,ST3131,,https://nusmods.com/modules/DSA4211/high-dimensional-statistical-analysis,"Data Science, Statistics","Dimensionality is an issue that can arise in many scientific fields such as medicine, genetics, business and finance, among others. The statistical properties of estimation and inference procedures must be carefully established when the number of variables is much larger than the number of observations. This module will discuss several statistical methodologies useful for exploring voluminous data. They include principal component analysis, clustering and classification, tree-structured analysis, neural network, hidden Markov models, sliced inverse regression, multiple testing, sure independent screening (SIS) and penalized estimation for variable selection. Real data will be used for illustration of these methods. Some fundamental theory for high-dimensional learning will be covered."
NUS,DSA4212,4,Optimisation for Large-Scale Data-Driven Inference,DSA,"Computational optimisation is ubiquitous in statistical learning and machine learning. The module covers several current and advanced topics in optimisation, with an emphasis on efficient algorithms for solving large scale data-driven inference problems. Topics include first and second order methods, stochastic gradient type approaches and duality principles. Many relevant examples in statistical learning and machine learning will be covered in detail. The algorithms will be implemented using the Python programming language.",1,1,"MA1101R, MA2311, ST2132",,https://nusmods.com/modules/DSA4212/optimisation-for-large-scale-data-driven-inference,Data Science,"Computational optimisation is ubiquitous in statistical learning and machine learning. The module covers several current and advanced topics in optimisation, with an emphasis on efficient algorithms for solving large scale data-driven inference problems. Topics include first and second order methods, stochastic gradient type approaches and duality principles. Many relevant examples in statistical learning and machine learning will be covered in detail. The algorithms will be implemented using the Python programming language."
NUS,DSA4262,4,Sense-making Case Analysis: Health and Medicine,DSA,"The practice of data science involves sense-making, the ability to formulate problems or hypotheses in real-world situations. Only when algorithms and technology are applied to meaningful problems or hypotheses can useful information be extracted from data for making decisions. This module is conducted as a series of hackathons: data scientists from partnering organisations in the health and medicine sector provide the real-world situations and data which will enable students to gain practical experience in (i) formulating problems, (ii) solving them by applying, or developing and implementing, appropriate data-analytic tools and techniques, and (iii) communicating findings and insights gained clearly.",1,0,"CS3244, DSA3101",DSA4262A/DSA4262B,https://nusmods.com/modules/DSA4262/sense-making-case-analysis-health-and-medicine,"Data Science, Data Analytics","The practice of data science involves sense-making, the ability to formulate problems or hypotheses in real-world situations. Only when algorithms and technology are applied to meaningful problems or hypotheses can useful information be extracted from data for making decisions. This module is conducted as a series of hackathons: data scientists from partnering organisations in the health and medicine sector provide the real-world situations and data which will enable students to gain practical experience in (i) formulating problems, (ii) solving them by applying, or developing and implementing, appropriate data-analytic tools and techniques, and (iii) communicating findings and insights gained clearly."
NUS,DSA4263,4,Sense-making Case Analysis: Business and Commerce,DSA,"The practice of data science involves sense-making, the ability to formulate problems or hypotheses in real-world situations. Only when algorithms and technology are applied to meaningful problems or hypotheses can useful information be extracted from data for making decisions. This module is conducted as a series of hackathons data scientists from partnering organisations in the business and commerce sector provide the real-world situations and data which will enable students to gain practical experience in (i) formulating problems, (ii) solving them by applying, or developing and implementing, appropriate data-analytic tools and techniques, and (iii) communicating findings and insights gained clearly.",1,0,"CS3244, DSA3101",DSA4263A/DSA4263B,https://nusmods.com/modules/DSA4263/sense-making-case-analysis-business-and-commerce,"Data Science, Data Analytics","The practice of data science involves sense-making, the ability to formulate problems or hypotheses in real-world situations. Only when algorithms and technology are applied to meaningful problems or hypotheses can useful information be extracted from data for making decisions. This module is conducted as a series of hackathons data scientists from partnering organisations in the business and commerce sector provide the real-world situations and data which will enable students to gain practical experience in (i) formulating problems, (ii) solving them by applying, or developing and implementing, appropriate data-analytic tools and techniques, and (iii) communicating findings and insights gained clearly."
NUS,DSA4266,4,Sense-making Case Analysis: Science and Technology,DSA,"The practice of data science involves sense-making, the ability to formulate problems or hypotheses in real-world situations. Only when algorithms and technology are applied to meaningful problems or hypotheses can useful information be extracted from data for making decisions. This module is conducted as a series of hackathons: data scientists from partnering organisations in the science and technology sector provide the real-world situations and data which will enable students to gain practical experience in (i) formulating problems, (ii) solving them by applying, or developing and implementing, appropriate data-analytic tools and techniques, and (iii) communicating findings and insights gained clearly.",1,0,"CS3244, DSA3101",DSA4266A/DSA4266B,https://nusmods.com/modules/DSA4266/sense-making-case-analysis-science-and-technology,"Data Science, Data Analytics","The practice of data science involves sense-making, the ability to formulate problems or hypotheses in real-world situations. Only when algorithms and technology are applied to meaningful problems or hypotheses can useful information be extracted from data for making decisions. This module is conducted as a series of hackathons: data scientists from partnering organisations in the science and technology sector provide the real-world situations and data which will enable students to gain practical experience in (i) formulating problems, (ii) solving them by applying, or developing and implementing, appropriate data-analytic tools and techniques, and (iii) communicating findings and insights gained clearly."
NUS,MA3236,3,Non-Linear Programming,MA,"Optimization principles are of undisputed importance in modern design and system operation. The objective of this course is to present these principles and illustrate how algorithms can be designed from the mathematical theories for solving optimization problems. Major topics: Fundamentals, unconstrained optimization: one-dimensional search, Newton-Raphson method, gradient method, constrained optimization: Lagrangian multipliers method, Karush-Kuhn-Tucker optimality conditions, Lagrangian duality and saddle point optimality conditions, convex programming: Frank-Wolfe method.",0,1,MA2311,DSA3102/DSC3214/DSN3701,https://nusmods.com/modules/MA3236/non-linear-programming,Mathematics,"Optimization principles are of undisputed importance in modern design and system operation. The objective of this course is to present these principles and illustrate how algorithms can be designed from the mathematical theories for solving optimization problems. Major topics: Fundamentals, unconstrained optimization: one-dimensional search, Newton-Raphson method, gradient method, constrained optimization: Lagrangian multipliers method, Karush-Kuhn-Tucker optimality conditions, Lagrangian duality and saddle point optimality conditions, convex programming: Frank-Wolfe method."
NUS,MA3252,3,Linear and Network Optimisation,MA,"The objective of this course is to work on optimization problems which can be formulated as linear and network optimization problems. We formulate linear programming (LP) problems and solve them by the simplex method (algorithm). We also look at the geometrical aspect and develop the mathematical theory of the simplex method. We further study problems which may be formulated using graphs and networks. These optimization problems can be solved by using linear or integer programming approaches. However, due to its graphical structure, it is easier to handle these problems by using network algorithmic approaches. Applications of LP and network optimization will be demonstrated. This course should help the student in developing confidence in solving many similar problems in daily life that require much computing. Major topics: Introduction to LP: solving 2-variable LP via graphical methods. Geometry of LP: polyhedron, extreme points, existence of optimal solution at extreme point. Development of simplex method: basic solution, reduced costs and optimality condition, iterative steps in a simplex method, 2-phase method and Big-M method. Duality: dual LP, duality theory, dual simplex method. Sensitivity Analysis. Network optimization problems: minimal spanning tree problems, shortest path problems, maximal flow problems, minimum cost flow problems, salesman problems and postman problems.",0,1,MA1101R,"BH3214/CS3252/DSN3701/IC2231/MA3235""/MQ2204/DSC3214",https://nusmods.com/modules/MA3252/linear-and-network-optimisation,Mathematics,"The objective of this course is to work on optimization problems which can be formulated as linear and network optimization problems. We formulate linear programming (LP) problems and solve them by the simplex method (algorithm). We also look at the geometrical aspect and develop the mathematical theory of the simplex method. We further study problems which may be formulated using graphs and networks. These optimization problems can be solved by using linear or integer programming approaches. However, due to its graphical structure, it is easier to handle these problems by using network algorithmic approaches. Applications of LP and network optimization will be demonstrated. This course should help the student in developing confidence in solving many similar problems in daily life that require much computing. Major topics: Introduction to LP: solving 2-variable LP via graphical methods. Geometry of LP: polyhedron, extreme points, existence of optimal solution at extreme point. Development of simplex method: basic solution, reduced costs and optimality condition, iterative steps in a simplex method, 2-phase method and Big-M method. Duality: dual LP, duality theory, dual simplex method. Sensitivity Analysis. Network optimization problems: minimal spanning tree problems, shortest path problems, maximal flow problems, minimum cost flow problems, salesman problems and postman problems."
NUS,MA4270,4,Data Modelling and Computation,MA,"This course aims at presenting important mathematical concepts and computational methods that are often used for modelling and analysis of big data sets and complex networks. The emphasis is on mathematical modelling and computational methods for practical problems in data science. Major topics include: basics on convex analysis, numerical methods for large-scale convex problems, dimensionality reduction, numerical methods for machine learning, kernel methods for pattern analysis, sparse coding and dictionary learning.",1,1,"DSA2102, ST2131",CS5339/DSA5102,https://nusmods.com/modules/MA4270/data-modelling-and-computation,Mathematics,"This course aims at presenting important mathematical concepts and computational methods that are often used for modelling and analysis of big data sets and complex networks. The emphasis is on mathematical modelling and computational methods for practical problems in data science. Major topics include: basics on convex analysis, numerical methods for large-scale convex problems, dimensionality reduction, numerical methods for machine learning, kernel methods for pattern analysis, sparse coding and dictionary learning."
NUS,ST3232,3,Design & Analysis of Experiments,ST,"This module covers common designs of experiments and their analysis. Topics include basic experimental designs, analysis of one-way and two way layout data, multiple comparisons, factorial designs, 2k-factorial designs, blocking and confounding, fractional factorial design and nested designs. This module is targeted at students who are interested in Statistics and are able to meet the pre-requisites.",1,1,ST2132,,https://nusmods.com/modules/ST3232/design-analysis-of-experiments,Statistics,"This module covers common designs of experiments and their analysis. Topics include basic experimental designs, analysis of one-way and two way layout data, multiple comparisons, factorial designs, 2k-factorial designs, blocking and confounding, fractional factorial design and nested designs. This module is targeted at students who are interested in Statistics and are able to meet the pre-requisites."
NUS,ST4253,4,Applied Time Series Analysis,ST,"This module introduces the modelling and analysis of time series data. A computer package will be used to analyse real data sets. Topics include stationary time series, ARIMA models, estimation and forecasting with ARIMA models This module is targeted at students who are interested in Statistics and are able to meet the pre-requisites.",1,1,ST2132,ST3233,https://nusmods.com/modules/ST4253/applied-time-series-analysis,Statistics,"This module introduces the modelling and analysis of time series data. A computer package will be used to analyse real data sets. Topics include stationary time series, ARIMA models, estimation and forecasting with ARIMA models This module is targeted at students who are interested in Statistics and are able to meet the pre-requisites."
NUS,ST3239,3,Survey Methodology,ST,"This module gives an introduction to the design of sample surveys and estimation procedures, with emphasis on practical applications in survey sampling. Topics include planning of surveys, questionnaire construction, methods of data collection, fieldwork procedures, sources of errors, basic ideas of sampling, simple random sampling, stratified, systematic, replicated, cluster and quota sampling, sample size determination and cost. This module is targeted at students who are interested in Statistics and are able to meet the pre-requisites.",1,1,ST2131,,https://nusmods.com/modules/ST3239/survey-methodology,Statistics,"This module gives an introduction to the design of sample surveys and estimation procedures, with emphasis on practical applications in survey sampling. Topics include planning of surveys, questionnaire construction, methods of data collection, fieldwork procedures, sources of errors, basic ideas of sampling, simple random sampling, stratified, systematic, replicated, cluster and quota sampling, sample size determination and cost. This module is targeted at students who are interested in Statistics and are able to meet the pre-requisites."
NUS,ST4250,4,Multivariate Statistical Analysis,ST,"This module focuses on the classical theory and methods of multivariate statistical analysis. Topics include distribution theory multivariate normal distribution, Hotelling's T2 and Wishart distributions, inference on the mean and covariance, principal components and canonical correlation, factor analysis, discrimination and classification. This module is targeted at students who are interested in Statistics, are able to meet the pre-requisites and are matriculated in or after 2002.",1,1,ST3131,ST3240,https://nusmods.com/modules/ST4250/multivariate-statistical-analysis,Statistics,"This module focuses on the classical theory and methods of multivariate statistical analysis. Topics include distribution theory multivariate normal distribution, Hotelling's T2 and Wishart distributions, inference on the mean and covariance, principal components and canonical correlation, factor analysis, discrimination and classification. This module is targeted at students who are interested in Statistics, are able to meet the pre-requisites and are matriculated in or after 2002."
NUS,ST3247,3,Simulation,ST,"The advent of fast and inexpensive computational power has facilitated the description of real phenomenon using realistic stochastic models which can be analysed using simulation studies. This module teaches students how to analyse a model by use of a simulation study and the topics include pseudorandom number generation, generating discrete and continuous random variables, simulating discrete events, statistical analysis of simulated data, variance reduction, Markov Chain Monte Carlo methods. It also covers topics in stochastic optimisation such as simulated annealing. This module is targeted at students who are interested in Statistics and are able to meet the prerequisites.",1,1,"ST2131, CS1010",,https://nusmods.com/modules/ST3247/simulation,Statistics,"The advent of fast and inexpensive computational power has facilitated the description of real phenomenon using realistic stochastic models which can be analysed using simulation studies. This module teaches students how to analyse a model by use of a simulation study and the topics include pseudorandom number generation, generating discrete and continuous random variables, simulating discrete events, statistical analysis of simulated data, variance reduction, Markov Chain Monte Carlo methods. It also covers topics in stochastic optimisation such as simulated annealing. This module is targeted at students who are interested in Statistics and are able to meet the prerequisites."
NUS,ST3248,3,Statistical Learning I,ST,"Statistical learning is a large collection of computer-based modelling and prediction tools with applications in diverse fields including business, medicine, astrophysics, and public policy. This series of two modules covers many of the popular approaches for a variety of statistical problems. There is heavy emphasis on the implementation of these methods on real-world data sets in the popular statistical software package R. Part I gives a broad overview of the common problems as well as their most popular approaches. Topics include linear regression model and its extensions, classification methods, resampling methods, regularisation and model selection, principal components and clustering methods.",1,1, ST2132,ST4240/YSC4216,https://nusmods.com/modules/ST3248/statistical-learning-i,Statistics,"Statistical learning is a large collection of computer-based modelling and prediction tools with applications in diverse fields including business, medicine, astrophysics, and public policy. This series of two modules covers many of the popular approaches for a variety of statistical problems. There is heavy emphasis on the implementation of these methods on real-world data sets in the popular statistical software package R. Part I gives a broad overview of the common problems as well as their most popular approaches. Topics include linear regression model and its extensions, classification methods, resampling methods, regularisation and model selection, principal components and clustering methods."
NUS,ST4231,4,Computer Intensive Statistical Methods,ST,"The availability of high-speed computation has led to the development of “modern” statistical methods which are implemented in the form of well-understood computer algorithms. This module introduces students to several computer intensive statistical methods and the topics include empirical distribution and plug-in principle, general algorithm of bootstrap method, bootstrap estimates of standard deviation and bias, jack-knife method, bootstrap confidence intervals, the empirical likelihood for the mean and parameters defined by simple estimating function, Wilks theorem, and EL confidence intervals, missing data, EM algorithm, Markov Chain Monte Carlo methods. This module is targeted at students who are interested in Statistics and are able to meet the prerequisite.",1,1,ST2132,,https://nusmods.com/modules/ST4231/computer-intensive-statistical-methods,Statistics,"The availability of high-speed computation has led to the development of “modern” statistical methods which are implemented in the form of well-understood computer algorithms. This module introduces students to several computer intensive statistical methods and the topics include empirical distribution and plug-in principle, general algorithm of bootstrap method, bootstrap estimates of standard deviation and bias, jack-knife method, bootstrap confidence intervals, the empirical likelihood for the mean and parameters defined by simple estimating function, Wilks theorem, and EL confidence intervals, missing data, EM algorithm, Markov Chain Monte Carlo methods. This module is targeted at students who are interested in Statistics and are able to meet the prerequisite."
NUS,ST4234,4,Bayesian Statistics,ST,"Bayesian principles: Bayes' theorem, estimation, hypothesis testing, prior distributions, likelihood, predictive distributions. Bayesian computation: numerical approximation, posterior simulation and integration, Markov chain simulation, models and applications: hierarchical linear models, generalized linear models, multivariate models, mixture models, models for missing data, case studies. This module is targeted at students who are interested in Statistics and are able to meet the pre-requisites.",1,1,ST2132,,https://nusmods.com/modules/ST4234/bayesian-statistics,Statistics,"Bayesian principles: Bayes' theorem, estimation, hypothesis testing, prior distributions, likelihood, predictive distributions. Bayesian computation: numerical approximation, posterior simulation and integration, Markov chain simulation, models and applications: hierarchical linear models, generalized linear models, multivariate models, mixture models, models for missing data, case studies. This module is targeted at students who are interested in Statistics and are able to meet the pre-requisites."
NUS,ST4248,4,Statistical Learning II,ST,"Statistical Learning is a large collection of computer-based modelling and prediction tools with applications in diverse fields including business, medicine, astrophysics, and public policy. This series of two modules covers many of the popular approaches for a variety of statistical problems. There is heavy emphasis on the implementation of these methods on real-world data sets in the popular statistical software package R. Part II builds on the knowledge in Part I, introducing more tools as well as generalising and extending some of the tools covered in Part I using entirely different approaches. Topics include non-parametric smoothing methods, tree-based methods, support vector machines, neural networks and ensemble learning.",1,1," ST3131, ST3248",ST4240/YSC4216,https://nusmods.com/modules/ST4248/statistical-learning-ii,Statistics,"Statistical Learning is a large collection of computer-based modelling and prediction tools with applications in diverse fields including business, medicine, astrophysics, and public policy. This series of two modules covers many of the popular approaches for a variety of statistical problems. There is heavy emphasis on the implementation of these methods on real-world data sets in the popular statistical software package R. Part II builds on the knowledge in Part I, introducing more tools as well as generalising and extending some of the tools covered in Part I using entirely different approaches. Topics include non-parametric smoothing methods, tree-based methods, support vector machines, neural networks and ensemble learning."
NUS,CS3210,3,Parallel Computing,CS,"The aim of this module is to provide an introduction to the field of parallel computing with hands-on parallel programming experience on real parallel machines. The module is divided into four parts parallel computation models and parallelism, parallel architectures, parallel algorithm design and programming, and new parallel computing models. Topics includes theory of parallelism and models; shared-memory architectures; distributed-memory architectures; data parallel architectures; interconnection networks, topologies and basic of communication operations; principles of parallel algorithm design; performance and scalability of parallel programs, overview of new parallel computing models such as grid, cloud, GPGPU.",1,1,CS2100,,https://nusmods.com/modules/CS3210/parallel-computing,Computer Science,"The aim of this module is to provide an introduction to the field of parallel computing with hands-on parallel programming experience on real parallel machines. The module is divided into four parts parallel computation models and parallelism, parallel architectures, parallel algorithm design and programming, and new parallel computing models. Topics includes theory of parallelism and models; shared-memory architectures; distributed-memory architectures; data parallel architectures; interconnection networks, topologies and basic of communication operations; principles of parallel algorithm design; performance and scalability of parallel programs, overview of new parallel computing models such as grid, cloud, GPGPU."
NUS,CS3223,3,Database Systems Implementation,CS,"This system-oriented module provides an in-depth study of the concepts and implementation issues related to database management systems. It first covers the physical implementation of the relational data model, which includes storage management, access methods, query processing, and optimisation. Then it covers issues and techniques dealing with multi-user application environments, namely, transactions, concurrency control, and recovery. The third part covers advanced topics such as on-line analytical processing, in-memory databases, and column stores.",1,1,"CS2040, CS2102",,https://nusmods.com/modules/CS3223/database-systems-implementation,Computer Science,"This system-oriented module provides an in-depth study of the concepts and implementation issues related to database management systems. It first covers the physical implementation of the relational data model, which includes storage management, access methods, query processing, and optimisation. Then it covers issues and techniques dealing with multi-user application environments, namely, transactions, concurrency control, and recovery. The third part covers advanced topics such as on-line analytical processing, in-memory databases, and column stores."
NUS,CS3230,3,Design and Analysis of Algorithms,CS,"This module introduces different techniques of designing and analysing algorithms. Students will learn about the framework for algorithm analysis, for example, lower bound arguments, average case analysis, and the theory of NP-completeness. In addition, students are exposed to various algorithm design paradigms. The module serves two purposes: to improve the students' ability to design algorithms in different areas, and to prepare students for the study of more advanced algorithms. The module covers lower and upper bounds, recurrences, basic algorithm paradigms (such as prune-and-search, dynamic programming, branch-and-bound, graph traversal, and randomised approaches), amortized analysis, NP-completeness, and some selected advanced topics.",1,1,"CS2040, CS1231",,https://nusmods.com/modules/CS3230/design-and-analysis-of-algorithms,Computer Science,"This module introduces different techniques of designing and analysing algorithms. Students will learn about the framework for algorithm analysis, for example, lower bound arguments, average case analysis, and the theory of NP-completeness. In addition, students are exposed to various algorithm design paradigms. The module serves two purposes: to improve the students' ability to design algorithms in different areas, and to prepare students for the study of more advanced algorithms. The module covers lower and upper bounds, recurrences, basic algorithm paradigms (such as prune-and-search, dynamic programming, branch-and-bound, graph traversal, and randomised approaches), amortized analysis, NP-completeness, and some selected advanced topics."
NUS,CS3243,3,Introduction to Artificial Intelligence,CS,"The module introduces the basic concepts in search and knowledge representation as well as to a number of sub-areas of artificial intelligence. It focuses on covering the essential concepts in AI. The module covers Turing test, blind search, iterative deepening, production systems, heuristic search, A* algorithm, minimax and alpha-beta procedures, predicate and first-order logic, resolution refutation, non-monotonic reasoning, assumption-based truth maintenance systems, inheritance hierarchies, the frame problem, certainly factors, Bayes' rule, frames and semantic nets, planning, learning, natural language, vision, and expert systems and LISP.",1,1,"CS2040, CS1231", CS2109S/CS3263,https://nusmods.com/modules/CS3243/introduction-to-artificial-intelligence,Data Science,"The module introduces the basic concepts in search and knowledge representation as well as to a number of sub-areas of artificial intelligence. It focuses on covering the essential concepts in AI. The module covers Turing test, blind search, iterative deepening, production systems, heuristic search, A* algorithm, minimax and alpha-beta procedures, predicate and first-order logic, resolution refutation, non-monotonic reasoning, assumption-based truth maintenance systems, inheritance hierarchies, the frame problem, certainly factors, Bayes' rule, frames and semantic nets, planning, learning, natural language, vision, and expert systems and LISP."
NUS,CS4224,4,Distributed Databases,CS,"This module studies the management of data in a distributed environment. It covers the fundamental principles of distributed data management and includes distribution design, data integration, distributed query processing and optimization, distributed transaction management, and replication. It will also look at how these techniques can be adapted to support database management in emerging technologies (e.g., parallel systems, peer-to-peer systems, cloud computing).",1,1,CS3223, CS5424,https://nusmods.com/modules/CS4224/distributed-databases,Computer Science,"This module studies the management of data in a distributed environment. It covers the fundamental principles of distributed data management and includes distribution design, data integration, distributed query processing and optimization, distributed transaction management, and replication. It will also look at how these techniques can be adapted to support database management in emerging technologies (e.g., parallel systems, peer-to-peer systems, cloud computing)."
NUS,CS4225,4,Big Data Systems for Data Science,CS,"Data science incorporates varying elements and builds on techniques and theories from many fields, including statistics, data engineering, data mining, visualization, data warehousing, and high-performance computing systems with the goal of extracting meaning from big data and creating data products. Data science utilizes advanced computing systems such as Apache Hadoop and Spark to address big data challenges. In this module, students will learn various computing systems and optimization techniques that are used in data science with emphasis on the system building and algorithmic optimizations of these techniques.",1,1, CS2102, BT4221/CS5425,https://nusmods.com/modules/CS4225/big-data-systems-for-data-science,Data Science,"Data science incorporates varying elements and builds on techniques and theories from many fields, including statistics, data engineering, data mining, visualization, data warehousing, and high-performance computing systems with the goal of extracting meaning from big data and creating data products. Data science utilizes advanced computing systems such as Apache Hadoop and Spark to address big data challenges. In this module, students will learn various computing systems and optimization techniques that are used in data science with emphasis on the system building and algorithmic optimizations of these techniques."
NUS,CS4231,4,Parallel and Distributed Algorithms,CS,"This course will examine some fundamental issues in parallel programming and distributed computing, and the relationships between the two. Parallel programming: mutual exclusion, semaphores, consistency, wait-free synchronization. Distributed computing: time, global state, snapshots, message ordering. Relationships: consensus, fault-tolerance, transactions, self-stabilization.",1,1," CS3210, CS3230",,https://nusmods.com/modules/CS4231/parallel-and-distributed-algorithms,Computer Science,"This course will examine some fundamental issues in parallel programming and distributed computing, and the relationships between the two. Parallel programming: mutual exclusion, semaphores, consistency, wait-free synchronization. Distributed computing: time, global state, snapshots, message ordering. Relationships: consensus, fault-tolerance, transactions, self-stabilization."
NUS,CS4234,4,Optimisation Algorithms,CS,"This module covers common algorithmic techniques for solving optimisation problems, and introduces students to approaches for finding good-enough solutions to NP-hard problems. Topics covered include linear and integer programming, network flow algorithms, local search heuristics, approximation algorithms, and randomized algorithms. Through analysis and application of the techniques to a variety of canonical problems, students develop confidence to (i) appropriately model a given optimisation problem, (ii) apply appropriate algorithmic techniques to solve the problem, (iii) analyse the properties of the problem and candidate algorithms, such as time and space complexity, convergence, approximability, and optimality bound.",1,1,"MA1101R,  CS3230",,https://nusmods.com/modules/CS4234/optimisation-algorithms,Computer Science,"This module covers common algorithmic techniques for solving optimisation problems, and introduces students to approaches for finding good-enough solutions to NP-hard problems. Topics covered include linear and integer programming, network flow algorithms, local search heuristics, approximation algorithms, and randomized algorithms. Through analysis and application of the techniques to a variety of canonical problems, students develop confidence to (i) appropriately model a given optimisation problem, (ii) apply appropriate algorithmic techniques to solve the problem, (iii) analyse the properties of the problem and candidate algorithms, such as time and space complexity, convergence, approximability, and optimality bound."
NUS,CS4243,4,Computer Vision and Pattern Recognition,CS,"This module is for undergraduates who are interested in computer vision and its applications. It covers (a) the basic skills needed in handling images and videos, (b) the basic theories needed to understand geometrical computer vision, and (c) pattern recognition. Topics covered in image handling include contrast stretch, histogram equalization, noise removal, and color space. Topics covered in geometrical vision include affine transform, vanishing points, camera projection models, homography, camera calibration, rotation representations including quaternions, epipolar geometry, binocular stereo, structure from motion. Topics covered for pattern recognition include principal component analysis.",1,1,"MA1101R, ST2131, CS2030, MA1102R, CS2040",EE4212/EE4704,https://nusmods.com/modules/CS4243/computer-vision-and-pattern-recognition,Data Science,"This module is for undergraduates who are interested in computer vision and its applications. It covers (a) the basic skills needed in handling images and videos, (b) the basic theories needed to understand geometrical computer vision, and (c) pattern recognition. Topics covered in image handling include contrast stretch, histogram equalization, noise removal, and color space. Topics covered in geometrical vision include affine transform, vanishing points, camera projection models, homography, camera calibration, rotation representations including quaternions, epipolar geometry, binocular stereo, structure from motion. Topics covered for pattern recognition include principal component analysis."
NUS,CS4248,4,Natural Language Processing,CS,"This module deals with computer processing of human languages, including the use of neural networks and deep learning in natural language processing. The topics covered include: regular expressions, words and edit distance, n-grams, part-of-speech tagging, feed-forward neural networks, neural network training, word embedding, convolutional neural networks, recurrent neural networks, sequence-to-sequence models with attention, transformers, context-free grammars, syntactic parsing, semantics, and discourse.",1,1,"CS3243, ST2131, MA1102R",,https://nusmods.com/modules/CS4248/natural-language-processing,Data Science,"This module deals with computer processing of human languages, including the use of neural networks and deep learning in natural language processing. The topics covered include: regular expressions, words and edit distance, n-grams, part-of-speech tagging, feed-forward neural networks, neural network training, word embedding, convolutional neural networks, recurrent neural networks, sequence-to-sequence models with attention, transformers, context-free grammars, syntactic parsing, semantics, and discourse."
NUS,CS5340 ,5,Uncertainty Modelling in AI,CS,"The module covers modelling methods that are suitable for reasoning with uncertainty. The main focus will be on probabilistic models including Bayesian networks and Markov networks. Topics include representing conditional independence, building graphical models, inference using graphical models and learning from data. Selected applications in various domains such as speech, vision, natural language processing, medical informatics, bioinformatics, data mining and others will be discussed.",1,1,"CS3243, ST2132, ST2131",,https://nusmods.com/modules/CS5340/uncertainty-modelling-in-ai,Data Science,"The module covers modelling methods that are suitable for reasoning with uncertainty. The main focus will be on probabilistic models including Bayesian networks and Markov networks. Topics include representing conditional independence, building graphical models, inference using graphical models and learning from data. Selected applications in various domains such as speech, vision, natural language processing, medical informatics, bioinformatics, data mining and others will be discussed."
NUS,MA4230,4,Matrix Computation,MA,"This course provides essential ideas and techniques as well as algorithms in numerical linear algebra that are needed in scientific computing and data analytics for effectively working with vectors and matrices. The major difficulties faced in solving problems in linear algebra numerically are discussed, as well as the associated applications often seen in practice. The emphasis is on the development of elegant and powerful algorithms and their applications for solving practical problems. Major topics include basic vector and matrix manipulation, the singular value decomposition, QR factorization, least squares problems, conditioning and stability, eigenvalue problems, and various applications in scientific computing and data science.",1,1,"MA2101, DSA2102",,https://nusmods.com/modules/MA4230/matrix-computation,Mathematics,"This course provides essential ideas and techniques as well as algorithms in numerical linear algebra that are needed in scientific computing and data analytics for effectively working with vectors and matrices. The major difficulties faced in solving problems in linear algebra numerically are discussed, as well as the associated applications often seen in practice. The emphasis is on the development of elegant and powerful algorithms and their applications for solving practical problems. Major topics include basic vector and matrix manipulation, the singular value decomposition, QR factorization, least squares problems, conditioning and stability, eigenvalue problems, and various applications in scientific computing and data science."
